date,sales,stock,price,year,month,day_of_week,day_name,revenue,product_name,product_category
01/01/2014,47,4331,1.06,2014,1,2,Wednesday,49.82,Lego Set,Toys
02/01/2014,55,4437,1.96,2014,1,3,Thursday,107.8,Wall Paint,Home & Garden
03/01/2014,42,4587,1.94,2014,1,4,Friday,81.48,Wiper Blades,Automotive
04/01/2014,52,4173,1.79,2014,1,5,Saturday,93.08,iPhone 14,Electronics
05/01/2014,58,4558,1.99,2014,1,6,Sunday,115.42,Wiper Blades,Automotive
06/01/2014,43,4526,1.54,2014,1,0,Monday,66.22,Toy Car,Toys
07/01/2014,46,4872,1.96,2014,1,1,Tuesday,90.16,Yoga Mat,Sports
08/01/2014,49,4658,1.08,2014,1,2,Wednesday,52.92,iPhone 14,Electronics
09/01/2014,52,4025,1.37,2014,1,3,Thursday,71.24,Wall Paint,Home & Garden
10/01/2014,45,4819,1.23,2014,1,4,Friday,55.35,Sony Headphones,Electronics
11/01/2014,49,4604,1.2,2014,1,5,Saturday,58.8,Garden Shovel,Home & Garden
12/01/2014,43,4405,1.14,2014,1,6,Sunday,49.02,Samsung Galaxy S22,Electronics
13/01/2014,52,4231,1.62,2014,1,0,Monday,84.24,Basketball,Sports
14/01/2014,52,4532,1.78,2014,1,1,Tuesday,92.56,Toy Car,Toys
15/01/2014,46,4818,1.58,2014,1,2,Wednesday,72.68,Yoga Mat,Sports
16/01/2014,54,4549,1.15,2014,1,3,Thursday,62.1,Wall Paint,Home & Garden
17/01/2014,40,4787,1.81,2014,1,4,Friday,72.4,iPhone 14,Electronics
18/01/2014,45,4504,1.64,2014,1,5,Saturday,73.8,Shampoo,Beauty & Health
19/01/2014,46,4668,1.39,2014,1,6,Sunday,63.94,Face Cream,Beauty & Health
20/01/2014,51,4178,1.67,2014,1,0,Monday,85.17,Organic Milk,Groceries
21/01/2014,64,4131,1.26,2014,1,1,Tuesday,80.64,Organic Milk,Groceries
22/01/2014,52,4822,1.35,2014,1,2,Wednesday,70.2,Wall Paint,Home & Garden
23/01/2014,38,4454,1.92,2014,1,3,Thursday,72.96,iPhone 14,Electronics
24/01/2014,33,4347,1.29,2014,1,4,Friday,42.57,Garden Shovel,Home & Garden
25/01/2014,48,4539,1.47,2014,1,5,Saturday,70.56,Organic Milk,Groceries
26/01/2014,58,4771,1.89,2014,1,6,Sunday,109.62,Lego Set,Toys
27/01/2014,45,4405,1.71,2014,1,0,Monday,76.95,Car Oil,Automotive
28/01/2014,41,4075,1.06,2014,1,1,Tuesday,43.46,Garden Shovel,Home & Garden
29/01/2014,56,4940,1.15,2014,1,2,Wednesday,64.4,Baby Diapers,Groceries
30/01/2014,54,4578,1.01,2014,1,3,Thursday,54.54,Garden Shovel,Home & Garden
31/01/2014,56,4853,1.63,2014,1,4,Friday,91.28,Novel Book,Books
01/02/2014,47,4491,1.45,2014,2,5,Saturday,68.15,iPhone 14,Electronics
02/02/2014,59,4193,1.13,2014,2,6,Sunday,66.67,Organic Milk,Groceries
03/02/2014,46,4983,1.96,2014,2,0,Monday,90.16,Women Jeans,Clothing
04/02/2014,46,4161,1.53,2014,2,1,Tuesday,70.38,Notebook,Office Supplies
05/02/2014,55,4346,1.24,2014,2,2,Wednesday,68.2,Women Jeans,Clothing
06/02/2014,60,4950,1.5,2014,2,3,Thursday,90,Men T-Shirt,Clothing
07/02/2014,40,4360,1.68,2014,2,4,Friday,67.2,Shampoo,Beauty & Health
08/02/2014,56,4768,1.08,2014,2,5,Saturday,60.48,Car Oil,Automotive
09/02/2014,56,4583,1.27,2014,2,6,Sunday,71.12,Organic Milk,Groceries
10/02/2014,50,4086,1.81,2014,2,0,Monday,90.5,Toy Car,Toys
11/02/2014,46,4933,1.46,2014,2,1,Tuesday,67.16,Novel Book,Books
12/02/2014,61,4261,1.55,2014,2,2,Wednesday,94.55,Sony Headphones,Electronics
13/02/2014,48,4213,1.43,2014,2,3,Thursday,68.64,Car Oil,Automotive
14/02/2014,44,4664,1.04,2014,2,4,Friday,45.76,Garden Shovel,Home & Garden
15/02/2014,45,4721,1.17,2014,2,5,Saturday,52.65,Novel Book,Books
16/02/2014,63,4912,1.45,2014,2,6,Sunday,91.35,Car Oil,Automotive
17/02/2014,53,4572,1.21,2014,2,0,Monday,64.13,Samsung Galaxy S22,Electronics
18/02/2014,57,4779,1.05,2014,2,1,Tuesday,59.85,Organic Milk,Groceries
19/02/2014,60,4261,1.84,2014,2,2,Wednesday,110.4,Car Oil,Automotive
20/02/2014,46,4729,1.98,2014,2,3,Thursday,91.08,Baby Diapers,Groceries
21/02/2014,44,4282,1.79,2014,2,4,Friday,78.76,Novel Book,Books
22/02/2014,48,4647,1.85,2014,2,5,Saturday,88.8,Women Jeans,Clothing
23/02/2014,40,4466,1.24,2014,2,6,Sunday,49.6,Car Oil,Automotive
24/02/2014,65,4379,1.96,2014,2,0,Monday,127.4,Women Jeans,Clothing
25/02/2014,50,4361,1.2,2014,2,1,Tuesday,60,Samsung Galaxy S22,Electronics
26/02/2014,69,4448,1.95,2014,2,2,Wednesday,134.55,Women Jeans,Clothing
27/02/2014,50,4440,1.99,2014,2,3,Thursday,99.5,Men T-Shirt,Clothing
28/02/2014,45,4092,1.71,2014,2,4,Friday,76.95,Car Oil,Automotive
01/03/2014,52,4620,1.98,2014,3,5,Saturday,102.96,Wiper Blades,Automotive
02/03/2014,34,4752,1.57,2014,3,6,Sunday,53.38,HP Laptop,Electronics
03/03/2014,61,4866,1.26,2014,3,0,Monday,76.86,Novel Book,Books
04/03/2014,41,4423,1.44,2014,3,1,Tuesday,59.04,Garden Shovel,Home & Garden
05/03/2014,54,4141,1.59,2014,3,2,Wednesday,85.86,HP Laptop,Electronics
06/03/2014,44,4290,1.07,2014,3,3,Thursday,47.08,Shampoo,Beauty & Health
07/03/2014,47,4431,1.62,2014,3,4,Friday,76.14,Wiper Blades,Automotive
08/03/2014,53,4748,1.98,2014,3,5,Saturday,104.94,Novel Book,Books
09/03/2014,39,4851,1.19,2014,3,6,Sunday,46.41,Toy Car,Toys
10/03/2014,46,4823,1.79,2014,3,0,Monday,82.34,HP Laptop,Electronics
11/03/2014,54,4688,1.91,2014,3,1,Tuesday,103.14,Face Cream,Beauty & Health
12/03/2014,50,4652,1.94,2014,3,2,Wednesday,97,Car Oil,Automotive
13/03/2014,53,4700,1.96,2014,3,3,Thursday,103.88,Sony Headphones,Electronics
14/03/2014,54,4997,1.52,2014,3,4,Friday,82.08,Face Cream,Beauty & Health
15/03/2014,64,4048,1.98,2014,3,5,Saturday,126.72,Organic Milk,Groceries
16/03/2014,47,4301,1.76,2014,3,6,Sunday,82.72,iPhone 14,Electronics
17/03/2014,45,4880,1.16,2014,3,0,Monday,52.2,Lego Set,Toys
18/03/2014,57,4189,1.48,2014,3,1,Tuesday,84.36,Notebook,Office Supplies
19/03/2014,51,4135,1.72,2014,3,2,Wednesday,87.72,Basketball,Sports
20/03/2014,39,4554,1.25,2014,3,3,Thursday,48.75,Organic Milk,Groceries
21/03/2014,61,4403,1.64,2014,3,4,Friday,100.04,iPhone 14,Electronics
22/03/2014,47,4891,1.67,2014,3,5,Saturday,78.49,Wall Paint,Home & Garden
23/03/2014,60,4864,1.16,2014,3,6,Sunday,69.6,Organic Milk,Groceries
24/03/2014,53,4601,1.57,2014,3,0,Monday,83.21,Basketball,Sports
25/03/2014,52,4806,1.77,2014,3,1,Tuesday,92.04,Notebook,Office Supplies
26/03/2014,39,4340,1.5,2014,3,2,Wednesday,58.5,HP Laptop,Electronics
27/03/2014,51,4756,1.01,2014,3,3,Thursday,51.51,Women Jeans,Clothing
28/03/2014,53,4944,1.01,2014,3,4,Friday,53.53,Wall Paint,Home & Garden
29/03/2014,55,4703,1.36,2014,3,5,Saturday,74.8,Toy Car,Toys
30/03/2014,46,4317,1.93,2014,3,6,Sunday,88.78,Yoga Mat,Sports
31/03/2014,53,4617,1.23,2014,3,0,Monday,65.19,Basketball,Sports
01/04/2014,53,4362,1.63,2014,4,1,Tuesday,86.39,Wall Paint,Home & Garden
02/04/2014,39,4821,1.22,2014,4,2,Wednesday,47.58,Face Cream,Beauty & Health
03/04/2014,45,4381,1.32,2014,4,3,Thursday,59.4,Shampoo,Beauty & Health
04/04/2014,60,4232,1.85,2014,4,4,Friday,111,Samsung Galaxy S22,Electronics
05/04/2014,57,4776,1.73,2014,4,5,Saturday,98.61,Sony Headphones,Electronics
06/04/2014,52,4343,1.1,2014,4,6,Sunday,57.2,Lego Set,Toys
07/04/2014,43,4548,1.43,2014,4,0,Monday,61.49,Toy Car,Toys
08/04/2014,45,4816,1.03,2014,4,1,Tuesday,46.35,Wiper Blades,Automotive
09/04/2014,53,4552,1.48,2014,4,2,Wednesday,78.44,Organic Milk,Groceries
10/04/2014,62,4528,1.66,2014,4,3,Thursday,102.92,Lego Set,Toys
11/04/2014,48,4855,1.12,2014,4,4,Friday,53.76,Car Oil,Automotive
12/04/2014,45,4788,1.29,2014,4,5,Saturday,58.05,Sony Headphones,Electronics
13/04/2014,58,4818,1.4,2014,4,6,Sunday,81.2,Men T-Shirt,Clothing
14/04/2014,42,4570,1.92,2014,4,0,Monday,80.64,Sony Headphones,Electronics
15/04/2014,64,4934,1.99,2014,4,1,Tuesday,127.36,Basketball,Sports
16/04/2014,51,4182,1.04,2014,4,2,Wednesday,53.04,Novel Book,Books
17/04/2014,41,4040,1.76,2014,4,3,Thursday,72.16,Yoga Mat,Sports
18/04/2014,60,4550,1.37,2014,4,4,Friday,82.2,Sony Headphones,Electronics
19/04/2014,54,4396,1.39,2014,4,5,Saturday,75.06,Wall Paint,Home & Garden
20/04/2014,47,4703,1.75,2014,4,6,Sunday,82.25,Toy Car,Toys
21/04/2014,57,4778,1.92,2014,4,0,Monday,109.44,Wall Paint,Home & Garden
22/04/2014,50,4493,1.95,2014,4,1,Tuesday,97.5,Yoga Mat,Sports
23/04/2014,57,4658,1.58,2014,4,2,Wednesday,90.06,Samsung Galaxy S22,Electronics
24/04/2014,54,4906,1.36,2014,4,3,Thursday,73.44,Notebook,Office Supplies
25/04/2014,60,4332,1.79,2014,4,4,Friday,107.4,Wiper Blades,Automotive
26/04/2014,47,4126,1.25,2014,4,5,Saturday,58.75,Wall Paint,Home & Garden
27/04/2014,52,4557,1.56,2014,4,6,Sunday,81.12,HP Laptop,Electronics
28/04/2014,49,4556,1.36,2014,4,0,Monday,66.64,Basketball,Sports
29/04/2014,45,4000,1.66,2014,4,1,Tuesday,74.7,Basketball,Sports
30/04/2014,29,4167,1.24,2014,4,2,Wednesday,35.96,iPhone 14,Electronics
01/05/2014,57,4619,1.19,2014,5,3,Thursday,67.83,Samsung Galaxy S22,Electronics
02/05/2014,41,4018,1.92,2014,5,4,Friday,78.72,Sony Headphones,Electronics
03/05/2014,56,4331,1.1,2014,5,5,Saturday,61.6,Wiper Blades,Automotive
04/05/2014,53,4583,1.51,2014,5,6,Sunday,80.03,Novel Book,Books
05/05/2014,34,4455,1.22,2014,5,0,Monday,41.48,Wiper Blades,Automotive
06/05/2014,51,4956,1.04,2014,5,1,Tuesday,53.04,iPhone 14,Electronics
07/05/2014,50,4108,1.04,2014,5,2,Wednesday,52,Wiper Blades,Automotive
08/05/2014,57,4267,1.18,2014,5,3,Thursday,67.26,Women Jeans,Clothing
09/05/2014,49,4444,1.87,2014,5,4,Friday,91.63,Yoga Mat,Sports
10/05/2014,58,4239,1.28,2014,5,5,Saturday,74.24,Face Cream,Beauty & Health
11/05/2014,48,4928,1.95,2014,5,6,Sunday,93.6,Wiper Blades,Automotive
12/05/2014,42,4300,1.58,2014,5,0,Monday,66.36,Yoga Mat,Sports
13/05/2014,51,4601,1.44,2014,5,1,Tuesday,73.44,Face Cream,Beauty & Health
14/05/2014,53,4102,1.58,2014,5,2,Wednesday,83.74,Men T-Shirt,Clothing
15/05/2014,51,4987,1.52,2014,5,3,Thursday,77.52,Women Jeans,Clothing
16/05/2014,48,4249,1.76,2014,5,4,Friday,84.48,Novel Book,Books
17/05/2014,47,4452,1.28,2014,5,5,Saturday,60.16,Garden Shovel,Home & Garden
18/05/2014,33,4519,1.35,2014,5,6,Sunday,44.55,Basketball,Sports
19/05/2014,59,4152,1.89,2014,5,0,Monday,111.51,Wall Paint,Home & Garden
20/05/2014,49,4858,1.95,2014,5,1,Tuesday,95.55,Yoga Mat,Sports
21/05/2014,50,4173,1.89,2014,5,2,Wednesday,94.5,HP Laptop,Electronics
22/05/2014,42,4342,1.42,2014,5,3,Thursday,59.64,Notebook,Office Supplies
23/05/2014,48,4669,1.78,2014,5,4,Friday,85.44,Sony Headphones,Electronics
24/05/2014,53,4430,1.48,2014,5,5,Saturday,78.44,Organic Milk,Groceries
25/05/2014,47,4726,1.5,2014,5,6,Sunday,70.5,Sony Headphones,Electronics
26/05/2014,50,4688,1.2,2014,5,0,Monday,60,Organic Milk,Groceries
27/05/2014,53,4686,1.59,2014,5,1,Tuesday,84.27,Notebook,Office Supplies
28/05/2014,37,4851,1.19,2014,5,2,Wednesday,44.03,Lego Set,Toys
29/05/2014,64,4849,1.33,2014,5,3,Thursday,85.12,Wiper Blades,Automotive
30/05/2014,48,4657,1.86,2014,5,4,Friday,89.28,Novel Book,Books
31/05/2014,49,4961,1.21,2014,5,5,Saturday,59.29,Organic Milk,Groceries
01/06/2014,64,4323,1.07,2014,6,6,Sunday,68.48,Garden Shovel,Home & Garden
02/06/2014,43,4989,1.07,2014,6,0,Monday,46.01,Men T-Shirt,Clothing
03/06/2014,39,4672,1.94,2014,6,1,Tuesday,75.66,Shampoo,Beauty & Health
04/06/2014,39,4638,1.51,2014,6,2,Wednesday,58.89,Men T-Shirt,Clothing
05/06/2014,37,4419,1.41,2014,6,3,Thursday,52.17,Shampoo,Beauty & Health
06/06/2014,58,4593,1.81,2014,6,4,Friday,104.98,Women Jeans,Clothing
07/06/2014,57,4484,1.84,2014,6,5,Saturday,104.88,Men T-Shirt,Clothing
08/06/2014,40,4658,1.33,2014,6,6,Sunday,53.2,Toy Car,Toys
09/06/2014,53,4750,1.69,2014,6,0,Monday,89.57,Basketball,Sports
10/06/2014,55,4411,1.77,2014,6,1,Tuesday,97.35,Samsung Galaxy S22,Electronics
11/06/2014,45,4935,1.65,2014,6,2,Wednesday,74.25,iPhone 14,Electronics
12/06/2014,55,4083,1.15,2014,6,3,Thursday,63.25,Organic Milk,Groceries
13/06/2014,47,4112,1.88,2014,6,4,Friday,88.36,Car Oil,Automotive
14/06/2014,47,4736,1.54,2014,6,5,Saturday,72.38,Garden Shovel,Home & Garden
15/06/2014,59,4331,1.28,2014,6,6,Sunday,75.52,Wall Paint,Home & Garden
16/06/2014,55,4377,1.43,2014,6,0,Monday,78.65,Wall Paint,Home & Garden
17/06/2014,50,4754,1.04,2014,6,1,Tuesday,52,Baby Diapers,Groceries
18/06/2014,46,4654,1.13,2014,6,2,Wednesday,51.98,Shampoo,Beauty & Health
19/06/2014,48,4040,1.77,2014,6,3,Thursday,84.96,Organic Milk,Groceries
20/06/2014,61,4934,1,2014,6,4,Friday,61,Toy Car,Toys
21/06/2014,66,4769,1.42,2014,6,5,Saturday,93.72,Baby Diapers,Groceries
22/06/2014,53,4958,1.52,2014,6,6,Sunday,80.56,Yoga Mat,Sports
23/06/2014,45,4796,1.05,2014,6,0,Monday,47.25,Samsung Galaxy S22,Electronics
24/06/2014,54,4104,1.97,2014,6,1,Tuesday,106.38,Wiper Blades,Automotive
25/06/2014,39,4201,1.23,2014,6,2,Wednesday,47.97,Wall Paint,Home & Garden
26/06/2014,35,4449,1.3,2014,6,3,Thursday,45.5,iPhone 14,Electronics
27/06/2014,49,4818,1.3,2014,6,4,Friday,63.7,Organic Milk,Groceries
28/06/2014,47,4842,1.23,2014,6,5,Saturday,57.81,Men T-Shirt,Clothing
29/06/2014,41,4972,1,2014,6,6,Sunday,41,Yoga Mat,Sports
30/06/2014,52,4265,1.73,2014,6,0,Monday,89.96,iPhone 14,Electronics
01/07/2014,38,4909,1.97,2014,7,1,Tuesday,74.86,iPhone 14,Electronics
02/07/2014,54,4209,1.22,2014,7,2,Wednesday,65.88,Lego Set,Toys
03/07/2014,47,4562,1.66,2014,7,3,Thursday,78.02,Lego Set,Toys
04/07/2014,47,4117,1.74,2014,7,4,Friday,81.78,Yoga Mat,Sports
05/07/2014,56,4712,1.85,2014,7,5,Saturday,103.6,Novel Book,Books
06/07/2014,48,4376,1.42,2014,7,6,Sunday,68.16,Women Jeans,Clothing
07/07/2014,40,4550,1.3,2014,7,0,Monday,52,Sony Headphones,Electronics
08/07/2014,35,4539,1.33,2014,7,1,Tuesday,46.55,Shampoo,Beauty & Health
09/07/2014,40,4770,1.71,2014,7,2,Wednesday,68.4,Basketball,Sports
10/07/2014,55,4083,1.82,2014,7,3,Thursday,100.1,Organic Milk,Groceries
11/07/2014,69,4453,1.18,2014,7,4,Friday,81.42,Yoga Mat,Sports
12/07/2014,45,4666,1.37,2014,7,5,Saturday,61.65,Novel Book,Books
13/07/2014,37,4628,1.9,2014,7,6,Sunday,70.3,Novel Book,Books
14/07/2014,53,4513,1.81,2014,7,0,Monday,95.93,Shampoo,Beauty & Health
15/07/2014,49,4604,1.98,2014,7,1,Tuesday,97.02,Novel Book,Books
16/07/2014,52,4677,1.75,2014,7,2,Wednesday,91,Women Jeans,Clothing
17/07/2014,33,4386,1.39,2014,7,3,Thursday,45.87,Novel Book,Books
18/07/2014,49,4911,1.59,2014,7,4,Friday,77.91,Basketball,Sports
19/07/2014,45,4349,1.66,2014,7,5,Saturday,74.7,Face Cream,Beauty & Health
20/07/2014,49,4295,1.08,2014,7,6,Sunday,52.92,Shampoo,Beauty & Health
21/07/2014,52,4257,1.54,2014,7,0,Monday,80.08,Women Jeans,Clothing
22/07/2014,54,4080,1.71,2014,7,1,Tuesday,92.34,Sony Headphones,Electronics
23/07/2014,46,4936,1.17,2014,7,2,Wednesday,53.82,Face Cream,Beauty & Health
24/07/2014,54,4267,1.78,2014,7,3,Thursday,96.12,Face Cream,Beauty & Health
25/07/2014,61,4418,1.58,2014,7,4,Friday,96.38,Yoga Mat,Sports
26/07/2014,52,4234,1.95,2014,7,5,Saturday,101.4,Organic Milk,Groceries
27/07/2014,63,4832,1.04,2014,7,6,Sunday,65.52,Yoga Mat,Sports
28/07/2014,33,4310,1.27,2014,7,0,Monday,41.91,Shampoo,Beauty & Health
29/07/2014,47,4812,1.6,2014,7,1,Tuesday,75.2,Novel Book,Books
30/07/2014,52,4974,1.3,2014,7,2,Wednesday,67.6,Sony Headphones,Electronics
31/07/2014,58,4985,1.71,2014,7,3,Thursday,99.18,Women Jeans,Clothing
01/08/2014,48,4356,1.76,2014,8,4,Friday,84.48,Men T-Shirt,Clothing
02/08/2014,58,4212,1.1,2014,8,5,Saturday,63.8,Novel Book,Books
03/08/2014,49,4573,1.51,2014,8,6,Sunday,73.99,Samsung Galaxy S22,Electronics
04/08/2014,67,4048,1.51,2014,8,0,Monday,101.17,Yoga Mat,Sports
05/08/2014,44,4126,1.37,2014,8,1,Tuesday,60.28,Men T-Shirt,Clothing
06/08/2014,52,4222,1.93,2014,8,2,Wednesday,100.36,Wiper Blades,Automotive
07/08/2014,40,4920,1.83,2014,8,3,Thursday,73.2,Women Jeans,Clothing
08/08/2014,50,4278,1.7,2014,8,4,Friday,85,Women Jeans,Clothing
09/08/2014,50,4407,1.71,2014,8,5,Saturday,85.5,Notebook,Office Supplies
10/08/2014,51,4504,1.46,2014,8,6,Sunday,74.46,Notebook,Office Supplies
11/08/2014,60,4293,1.92,2014,8,0,Monday,115.2,HP Laptop,Electronics
12/08/2014,41,4795,1.69,2014,8,1,Tuesday,69.29,Novel Book,Books
13/08/2014,56,4276,1.73,2014,8,2,Wednesday,96.88,Face Cream,Beauty & Health
14/08/2014,54,4437,1.86,2014,8,3,Thursday,100.44,Face Cream,Beauty & Health
15/08/2014,41,4106,1.27,2014,8,4,Friday,52.07,Shampoo,Beauty & Health
16/08/2014,47,4657,1.81,2014,8,5,Saturday,85.07,Baby Diapers,Groceries
17/08/2014,48,4419,1.2,2014,8,6,Sunday,57.6,Wall Paint,Home & Garden
18/08/2014,61,4610,1.35,2014,8,0,Monday,82.35,Yoga Mat,Sports
19/08/2014,50,4428,1.34,2014,8,1,Tuesday,67,Car Oil,Automotive
20/08/2014,48,4374,1.98,2014,8,2,Wednesday,95.04,Garden Shovel,Home & Garden
21/08/2014,50,4072,1.86,2014,8,3,Thursday,93,Yoga Mat,Sports
22/08/2014,50,4948,1.7,2014,8,4,Friday,85,Wall Paint,Home & Garden
23/08/2014,53,4997,1.73,2014,8,5,Saturday,91.69,Sony Headphones,Electronics
24/08/2014,37,4633,1.56,2014,8,6,Sunday,57.72,Novel Book,Books
25/08/2014,41,4029,1.95,2014,8,0,Monday,79.95,Sony Headphones,Electronics
26/08/2014,41,4187,1.5,2014,8,1,Tuesday,61.5,Car Oil,Automotive
27/08/2014,43,4363,1.38,2014,8,2,Wednesday,59.34,Wiper Blades,Automotive
28/08/2014,61,4865,1.16,2014,8,3,Thursday,70.76,HP Laptop,Electronics
29/08/2014,53,4799,1.79,2014,8,4,Friday,94.87,Sony Headphones,Electronics
30/08/2014,43,4450,1.73,2014,8,5,Saturday,74.39,Basketball,Sports
31/08/2014,42,4194,1.38,2014,8,6,Sunday,57.96,Wall Paint,Home & Garden
01/09/2014,42,4155,1.03,2014,9,0,Monday,43.26,Organic Milk,Groceries
02/09/2014,40,4171,1.84,2014,9,1,Tuesday,73.6,Novel Book,Books
03/09/2014,43,4846,1.01,2014,9,2,Wednesday,43.43,Baby Diapers,Groceries
04/09/2014,50,4040,1.7,2014,9,3,Thursday,85,Garden Shovel,Home & Garden
05/09/2014,53,4062,1.97,2014,9,4,Friday,104.41,Notebook,Office Supplies
06/09/2014,36,4022,1.44,2014,9,5,Saturday,51.84,iPhone 14,Electronics
07/09/2014,57,4359,1.23,2014,9,6,Sunday,70.11,Sony Headphones,Electronics
08/09/2014,43,4074,1.7,2014,9,0,Monday,73.1,HP Laptop,Electronics
09/09/2014,47,4559,1.82,2014,9,1,Tuesday,85.54,Shampoo,Beauty & Health
10/09/2014,52,4671,1.55,2014,9,2,Wednesday,80.6,Women Jeans,Clothing
11/09/2014,49,4824,1.97,2014,9,3,Thursday,96.53,Face Cream,Beauty & Health
12/09/2014,31,4117,1.05,2014,9,4,Friday,32.55,Men T-Shirt,Clothing
13/09/2014,50,4611,1.5,2014,9,5,Saturday,75,Basketball,Sports
14/09/2014,40,4379,1.72,2014,9,6,Sunday,68.8,Yoga Mat,Sports
15/09/2014,51,4928,1.86,2014,9,0,Monday,94.86,Yoga Mat,Sports
16/09/2014,45,4919,1.18,2014,9,1,Tuesday,53.1,HP Laptop,Electronics
17/09/2014,43,4678,1.8,2014,9,2,Wednesday,77.4,Organic Milk,Groceries
18/09/2014,52,4289,1.55,2014,9,3,Thursday,80.6,Basketball,Sports
19/09/2014,56,4439,1.4,2014,9,4,Friday,78.4,Basketball,Sports
20/09/2014,38,4667,1.13,2014,9,5,Saturday,42.94,HP Laptop,Electronics
21/09/2014,52,4932,1.87,2014,9,6,Sunday,97.24,Shampoo,Beauty & Health
22/09/2014,49,4006,1.16,2014,9,0,Monday,56.84,Shampoo,Beauty & Health
23/09/2014,45,4195,1.31,2014,9,1,Tuesday,58.95,Samsung Galaxy S22,Electronics
24/09/2014,53,4420,1.29,2014,9,2,Wednesday,68.37,Sony Headphones,Electronics
25/09/2014,52,4567,1.87,2014,9,3,Thursday,97.24,Organic Milk,Groceries
26/09/2014,39,4832,1.67,2014,9,4,Friday,65.13,Yoga Mat,Sports
27/09/2014,44,4192,1.8,2014,9,5,Saturday,79.2,Garden Shovel,Home & Garden
28/09/2014,43,4558,1.25,2014,9,6,Sunday,53.75,Toy Car,Toys
29/09/2014,38,4147,1.62,2014,9,0,Monday,61.56,Baby Diapers,Groceries
30/09/2014,40,4786,1.57,2014,9,1,Tuesday,62.8,Shampoo,Beauty & Health
01/10/2014,57,4668,1.83,2014,10,2,Wednesday,104.31,Samsung Galaxy S22,Electronics
02/10/2014,42,4201,1.91,2014,10,3,Thursday,80.22,Organic Milk,Groceries
03/10/2014,63,4443,1.01,2014,10,4,Friday,63.63,Baby Diapers,Groceries
04/10/2014,51,4913,1.67,2014,10,5,Saturday,85.17,Wall Paint,Home & Garden
05/10/2014,56,4987,1.05,2014,10,6,Sunday,58.8,Car Oil,Automotive
06/10/2014,46,4418,1.55,2014,10,0,Monday,71.3,Baby Diapers,Groceries
07/10/2014,50,4426,1.29,2014,10,1,Tuesday,64.5,Lego Set,Toys
08/10/2014,40,4478,1.31,2014,10,2,Wednesday,52.4,Basketball,Sports
09/10/2014,45,4474,1.35,2014,10,3,Thursday,60.75,Sony Headphones,Electronics
10/10/2014,42,4125,1.62,2014,10,4,Friday,68.04,Lego Set,Toys
11/10/2014,51,4394,1.33,2014,10,5,Saturday,67.83,Women Jeans,Clothing
12/10/2014,46,4816,1.73,2014,10,6,Sunday,79.58,Notebook,Office Supplies
13/10/2014,46,4880,1.4,2014,10,0,Monday,64.4,Notebook,Office Supplies
14/10/2014,45,4805,1.07,2014,10,1,Tuesday,48.15,Men T-Shirt,Clothing
15/10/2014,56,4575,1.78,2014,10,2,Wednesday,99.68,Baby Diapers,Groceries
16/10/2014,49,4324,1.29,2014,10,3,Thursday,63.21,Samsung Galaxy S22,Electronics
17/10/2014,47,4391,1.43,2014,10,4,Friday,67.21,Garden Shovel,Home & Garden
18/10/2014,40,4929,1.69,2014,10,5,Saturday,67.6,Shampoo,Beauty & Health
19/10/2014,64,4687,1.33,2014,10,6,Sunday,85.12,Men T-Shirt,Clothing
20/10/2014,51,4627,1.06,2014,10,0,Monday,54.06,Women Jeans,Clothing
21/10/2014,41,4439,1.37,2014,10,1,Tuesday,56.17,Face Cream,Beauty & Health
22/10/2014,43,4203,1.94,2014,10,2,Wednesday,83.42,Wall Paint,Home & Garden
23/10/2014,42,4485,1.64,2014,10,3,Thursday,68.88,HP Laptop,Electronics
24/10/2014,53,4832,1.67,2014,10,4,Friday,88.51,Women Jeans,Clothing
25/10/2014,47,4030,1.63,2014,10,5,Saturday,76.61,Lego Set,Toys
26/10/2014,48,4387,1.2,2014,10,6,Sunday,57.6,Notebook,Office Supplies
27/10/2014,49,4624,1.42,2014,10,0,Monday,69.58,Yoga Mat,Sports
28/10/2014,49,4876,1.75,2014,10,1,Tuesday,85.75,Organic Milk,Groceries
29/10/2014,55,4433,1.1,2014,10,2,Wednesday,60.5,Toy Car,Toys
30/10/2014,44,4836,1.28,2014,10,3,Thursday,56.32,Men T-Shirt,Clothing
31/10/2014,47,4925,1.28,2014,10,4,Friday,60.16,Lego Set,Toys
01/11/2014,61,4375,1.43,2014,11,5,Saturday,87.23,Wiper Blades,Automotive
02/11/2014,53,4343,1.98,2014,11,6,Sunday,104.94,Women Jeans,Clothing
03/11/2014,41,4442,1.07,2014,11,0,Monday,43.87,Basketball,Sports
04/11/2014,52,4578,1.52,2014,11,1,Tuesday,79.04,Sony Headphones,Electronics
05/11/2014,60,4074,1.18,2014,11,2,Wednesday,70.8,Lego Set,Toys
06/11/2014,41,4556,1.97,2014,11,3,Thursday,80.77,Garden Shovel,Home & Garden
07/11/2014,44,4771,1.11,2014,11,4,Friday,48.84,Garden Shovel,Home & Garden
08/11/2014,47,4665,1.4,2014,11,5,Saturday,65.8,Novel Book,Books
09/11/2014,40,4154,1.74,2014,11,6,Sunday,69.6,HP Laptop,Electronics
10/11/2014,41,4429,1.7,2014,11,0,Monday,69.7,HP Laptop,Electronics
11/11/2014,57,4362,1.42,2014,11,1,Tuesday,80.94,Novel Book,Books
12/11/2014,44,4447,1.35,2014,11,2,Wednesday,59.4,Toy Car,Toys
13/11/2014,55,4986,1.4,2014,11,3,Thursday,77,Car Oil,Automotive
14/11/2014,54,4233,1.26,2014,11,4,Friday,68.04,Men T-Shirt,Clothing
15/11/2014,44,4562,1.21,2014,11,5,Saturday,53.24,Women Jeans,Clothing
16/11/2014,43,4817,1.48,2014,11,6,Sunday,63.64,Sony Headphones,Electronics
17/11/2014,52,4261,1.27,2014,11,0,Monday,66.04,iPhone 14,Electronics
18/11/2014,49,4826,1.29,2014,11,1,Tuesday,63.21,Wiper Blades,Automotive
19/11/2014,42,4124,1.66,2014,11,2,Wednesday,69.72,Basketball,Sports
20/11/2014,50,4910,1.97,2014,11,3,Thursday,98.5,Garden Shovel,Home & Garden
21/11/2014,63,4244,1.6,2014,11,4,Friday,100.8,Shampoo,Beauty & Health
22/11/2014,54,4541,1.08,2014,11,5,Saturday,58.32,Lego Set,Toys
23/11/2014,52,4937,1.08,2014,11,6,Sunday,56.16,Sony Headphones,Electronics
24/11/2014,48,4484,1.95,2014,11,0,Monday,93.6,Toy Car,Toys
25/11/2014,49,4121,1.3,2014,11,1,Tuesday,63.7,Wall Paint,Home & Garden
26/11/2014,59,4124,1.09,2014,11,2,Wednesday,64.31,Face Cream,Beauty & Health
27/11/2014,52,4548,1.6,2014,11,3,Thursday,83.2,iPhone 14,Electronics
28/11/2014,35,4169,1.62,2014,11,4,Friday,56.7,Notebook,Office Supplies
29/11/2014,57,4123,1.65,2014,11,5,Saturday,94.05,Novel Book,Books
30/11/2014,46,4868,1.27,2014,11,6,Sunday,58.42,Toy Car,Toys
01/12/2014,51,4034,1.02,2014,12,0,Monday,52.02,Toy Car,Toys
02/12/2014,47,4086,1.97,2014,12,1,Tuesday,92.59,Lego Set,Toys
03/12/2014,55,4645,1.25,2014,12,2,Wednesday,68.75,Car Oil,Automotive
04/12/2014,44,4707,1.68,2014,12,3,Thursday,73.92,Yoga Mat,Sports
05/12/2014,41,4785,1.71,2014,12,4,Friday,70.11,Men T-Shirt,Clothing
06/12/2014,50,4200,1.61,2014,12,5,Saturday,80.5,Yoga Mat,Sports
07/12/2014,62,4368,1.31,2014,12,6,Sunday,81.22,Wiper Blades,Automotive
08/12/2014,52,4796,1.27,2014,12,0,Monday,66.04,Samsung Galaxy S22,Electronics
09/12/2014,41,4076,1.6,2014,12,1,Tuesday,65.6,Shampoo,Beauty & Health
10/12/2014,50,4058,1.87,2014,12,2,Wednesday,93.5,Basketball,Sports
11/12/2014,37,4430,1.95,2014,12,3,Thursday,72.15,Yoga Mat,Sports
12/12/2014,43,4637,1.11,2014,12,4,Friday,47.73,Lego Set,Toys
13/12/2014,51,4499,1.15,2014,12,5,Saturday,58.65,Face Cream,Beauty & Health
14/12/2014,56,4912,1.94,2014,12,6,Sunday,108.64,Lego Set,Toys
15/12/2014,50,4108,1.74,2014,12,0,Monday,87,Face Cream,Beauty & Health
16/12/2014,48,4735,1.88,2014,12,1,Tuesday,90.24,Toy Car,Toys
17/12/2014,42,4277,1.2,2014,12,2,Wednesday,50.4,Face Cream,Beauty & Health
18/12/2014,47,4067,1.59,2014,12,3,Thursday,74.73,Sony Headphones,Electronics
19/12/2014,53,4068,1.7,2014,12,4,Friday,90.1,Wiper Blades,Automotive
20/12/2014,55,4164,1.68,2014,12,5,Saturday,92.4,Basketball,Sports
21/12/2014,44,4488,1.41,2014,12,6,Sunday,62.04,Samsung Galaxy S22,Electronics
22/12/2014,57,4304,1.02,2014,12,0,Monday,58.14,Lego Set,Toys
23/12/2014,53,4908,1.58,2014,12,1,Tuesday,83.74,Sony Headphones,Electronics
24/12/2014,39,4673,1.25,2014,12,2,Wednesday,48.75,Garden Shovel,Home & Garden
25/12/2014,58,4364,1.45,2014,12,3,Thursday,84.1,Garden Shovel,Home & Garden
26/12/2014,54,4853,1.96,2014,12,4,Friday,105.84,Shampoo,Beauty & Health
27/12/2014,45,4820,1.4,2014,12,5,Saturday,63,Baby Diapers,Groceries
28/12/2014,43,4378,1.84,2014,12,6,Sunday,79.12,Novel Book,Books
29/12/2014,43,4342,1.19,2014,12,0,Monday,51.17,Samsung Galaxy S22,Electronics
30/12/2014,48,4946,1.67,2014,12,1,Tuesday,80.16,Wall Paint,Home & Garden
31/12/2014,57,4898,1.98,2014,12,2,Wednesday,112.86,Lego Set,Toys
01/01/2015,45,4553,1.1,2015,1,3,Thursday,49.5,Notebook,Office Supplies
02/01/2015,52,4353,1.01,2015,1,4,Friday,52.52,Garden Shovel,Home & Garden
03/01/2015,53,4415,1.43,2015,1,5,Saturday,75.79,Basketball,Sports
04/01/2015,51,4108,1.09,2015,1,6,Sunday,55.59,Novel Book,Books
05/01/2015,56,4562,1.75,2015,1,0,Monday,98,Car Oil,Automotive
06/01/2015,59,4761,1.91,2015,1,1,Tuesday,112.69,Notebook,Office Supplies
07/01/2015,60,4496,1.43,2015,1,2,Wednesday,85.8,Sony Headphones,Electronics
08/01/2015,48,4340,1.26,2015,1,3,Thursday,60.48,Basketball,Sports
09/01/2015,45,4941,1.43,2015,1,4,Friday,64.35,Women Jeans,Clothing
10/01/2015,53,4382,1.72,2015,1,5,Saturday,91.16,Wall Paint,Home & Garden
11/01/2015,41,4532,1.01,2015,1,6,Sunday,41.41,Garden Shovel,Home & Garden
12/01/2015,42,4299,1.59,2015,1,0,Monday,66.78,Yoga Mat,Sports
13/01/2015,40,4138,1.61,2015,1,1,Tuesday,64.4,Yoga Mat,Sports
14/01/2015,45,4358,1.64,2015,1,2,Wednesday,73.8,Basketball,Sports
15/01/2015,53,4835,1.24,2015,1,3,Thursday,65.72,Lego Set,Toys
16/01/2015,43,4498,1.71,2015,1,4,Friday,73.53,Wall Paint,Home & Garden
17/01/2015,59,4384,1.09,2015,1,5,Saturday,64.31,Shampoo,Beauty & Health
18/01/2015,52,4603,1.2,2015,1,6,Sunday,62.4,HP Laptop,Electronics
19/01/2015,48,4958,1.88,2015,1,0,Monday,90.24,Baby Diapers,Groceries
20/01/2015,50,4279,1.74,2015,1,1,Tuesday,87,Samsung Galaxy S22,Electronics
21/01/2015,42,4636,1.01,2015,1,2,Wednesday,42.42,Yoga Mat,Sports
22/01/2015,38,4482,1.25,2015,1,3,Thursday,47.5,Organic Milk,Groceries
23/01/2015,44,4908,1.21,2015,1,4,Friday,53.24,Baby Diapers,Groceries
24/01/2015,45,4110,1.27,2015,1,5,Saturday,57.15,Yoga Mat,Sports
25/01/2015,55,4865,1.25,2015,1,6,Sunday,68.75,Face Cream,Beauty & Health
26/01/2015,51,4138,1.06,2015,1,0,Monday,54.06,Organic Milk,Groceries
27/01/2015,53,4995,1.46,2015,1,1,Tuesday,77.38,Wall Paint,Home & Garden
28/01/2015,55,4434,1.73,2015,1,2,Wednesday,95.15,Shampoo,Beauty & Health
29/01/2015,52,4508,1.61,2015,1,3,Thursday,83.72,Garden Shovel,Home & Garden
30/01/2015,50,4272,1.67,2015,1,4,Friday,83.5,Novel Book,Books
31/01/2015,46,4098,1.08,2015,1,5,Saturday,49.68,Novel Book,Books
01/02/2015,40,4763,1.95,2015,2,6,Sunday,78,HP Laptop,Electronics
02/02/2015,55,4849,1.84,2015,2,0,Monday,101.2,Organic Milk,Groceries
03/02/2015,54,4103,1.81,2015,2,1,Tuesday,97.74,Men T-Shirt,Clothing
04/02/2015,44,4213,1.82,2015,2,2,Wednesday,80.08,Basketball,Sports
05/02/2015,57,4760,1.93,2015,2,3,Thursday,110.01,HP Laptop,Electronics
06/02/2015,45,4663,1.54,2015,2,4,Friday,69.3,Yoga Mat,Sports
07/02/2015,47,4761,1.2,2015,2,5,Saturday,56.4,Wall Paint,Home & Garden
08/02/2015,62,4786,1.62,2015,2,6,Sunday,100.44,Men T-Shirt,Clothing
09/02/2015,66,4164,1.74,2015,2,0,Monday,114.84,Basketball,Sports
10/02/2015,43,4998,1.74,2015,2,1,Tuesday,74.82,Face Cream,Beauty & Health
11/02/2015,59,4852,1.52,2015,2,2,Wednesday,89.68,Lego Set,Toys
12/02/2015,57,4519,1.07,2015,2,3,Thursday,60.99,Baby Diapers,Groceries
13/02/2015,54,4283,1.37,2015,2,4,Friday,73.98,Shampoo,Beauty & Health
14/02/2015,44,4516,1.92,2015,2,5,Saturday,84.48,Wiper Blades,Automotive
15/02/2015,65,4656,1.58,2015,2,6,Sunday,102.7,Men T-Shirt,Clothing
16/02/2015,42,4612,1.54,2015,2,0,Monday,64.68,Sony Headphones,Electronics
17/02/2015,62,4163,1.27,2015,2,1,Tuesday,78.74,Yoga Mat,Sports
18/02/2015,54,4885,1.37,2015,2,2,Wednesday,73.98,HP Laptop,Electronics
19/02/2015,65,4658,1.9,2015,2,3,Thursday,123.5,Yoga Mat,Sports
20/02/2015,46,4063,1.67,2015,2,4,Friday,76.82,Face Cream,Beauty & Health
21/02/2015,44,4090,1.79,2015,2,5,Saturday,78.76,Wiper Blades,Automotive
22/02/2015,37,4116,1.45,2015,2,6,Sunday,53.65,Car Oil,Automotive
23/02/2015,47,4865,1.63,2015,2,0,Monday,76.61,Shampoo,Beauty & Health
24/02/2015,36,4266,1.25,2015,2,1,Tuesday,45,Lego Set,Toys
25/02/2015,51,4821,1.71,2015,2,2,Wednesday,87.21,Men T-Shirt,Clothing
26/02/2015,46,4684,1.43,2015,2,3,Thursday,65.78,Wiper Blades,Automotive
27/02/2015,60,4558,1.44,2015,2,4,Friday,86.4,Wiper Blades,Automotive
28/02/2015,44,4139,1.65,2015,2,5,Saturday,72.6,Women Jeans,Clothing
01/03/2015,59,4245,1.94,2015,3,6,Sunday,114.46,HP Laptop,Electronics
02/03/2015,59,4660,1.06,2015,3,0,Monday,62.54,Samsung Galaxy S22,Electronics
03/03/2015,64,4757,1.82,2015,3,1,Tuesday,116.48,Basketball,Sports
04/03/2015,56,4394,1.29,2015,3,2,Wednesday,72.24,Notebook,Office Supplies
05/03/2015,50,4486,1.44,2015,3,3,Thursday,72,Men T-Shirt,Clothing
06/03/2015,56,4475,1.02,2015,3,4,Friday,57.12,HP Laptop,Electronics
07/03/2015,48,4516,1.3,2015,3,5,Saturday,62.4,Shampoo,Beauty & Health
08/03/2015,44,4976,1.5,2015,3,6,Sunday,66,Car Oil,Automotive
09/03/2015,47,4183,1.06,2015,3,0,Monday,49.82,Samsung Galaxy S22,Electronics
10/03/2015,46,4019,1.49,2015,3,1,Tuesday,68.54,Shampoo,Beauty & Health
11/03/2015,32,4936,1.93,2015,3,2,Wednesday,61.76,Garden Shovel,Home & Garden
12/03/2015,48,4557,1.11,2015,3,3,Thursday,53.28,HP Laptop,Electronics
13/03/2015,56,4523,1.76,2015,3,4,Friday,98.56,Wiper Blades,Automotive
14/03/2015,48,4581,1.41,2015,3,5,Saturday,67.68,Wiper Blades,Automotive
15/03/2015,65,4528,1.66,2015,3,6,Sunday,107.9,Yoga Mat,Sports
16/03/2015,52,4882,1.26,2015,3,0,Monday,65.52,HP Laptop,Electronics
17/03/2015,65,4146,1.16,2015,3,1,Tuesday,75.4,Toy Car,Toys
18/03/2015,52,4665,1.16,2015,3,2,Wednesday,60.32,Baby Diapers,Groceries
19/03/2015,44,4303,1.07,2015,3,3,Thursday,47.08,Car Oil,Automotive
20/03/2015,44,4619,1.19,2015,3,4,Friday,52.36,Car Oil,Automotive
21/03/2015,56,4747,1.66,2015,3,5,Saturday,92.96,Women Jeans,Clothing
22/03/2015,48,4819,1.88,2015,3,6,Sunday,90.24,Women Jeans,Clothing
23/03/2015,54,4863,1.81,2015,3,0,Monday,97.74,Wiper Blades,Automotive
24/03/2015,57,4581,1.69,2015,3,1,Tuesday,96.33,Yoga Mat,Sports
25/03/2015,44,4694,1.11,2015,3,2,Wednesday,48.84,Yoga Mat,Sports
26/03/2015,52,4761,1.29,2015,3,3,Thursday,67.08,Wiper Blades,Automotive
27/03/2015,39,4227,1.31,2015,3,4,Friday,51.09,Toy Car,Toys
28/03/2015,45,4101,1.25,2015,3,5,Saturday,56.25,HP Laptop,Electronics
29/03/2015,59,4586,1.52,2015,3,6,Sunday,89.68,Notebook,Office Supplies
30/03/2015,53,4416,1.54,2015,3,0,Monday,81.62,Notebook,Office Supplies
31/03/2015,38,4957,1.36,2015,3,1,Tuesday,51.68,Men T-Shirt,Clothing
01/04/2015,47,4215,1.35,2015,4,2,Wednesday,63.45,Wiper Blades,Automotive
02/04/2015,55,4406,1.83,2015,4,3,Thursday,100.65,Garden Shovel,Home & Garden
03/04/2015,38,4398,1.79,2015,4,4,Friday,68.02,Men T-Shirt,Clothing
04/04/2015,54,4922,1.31,2015,4,5,Saturday,70.74,HP Laptop,Electronics
05/04/2015,58,4714,1.91,2015,4,6,Sunday,110.78,Wall Paint,Home & Garden
06/04/2015,50,4703,1.95,2015,4,0,Monday,97.5,Samsung Galaxy S22,Electronics
07/04/2015,58,4760,1.33,2015,4,1,Tuesday,77.14,Shampoo,Beauty & Health
08/04/2015,54,4498,1.35,2015,4,2,Wednesday,72.9,Lego Set,Toys
09/04/2015,45,4753,1.51,2015,4,3,Thursday,67.95,Toy Car,Toys
10/04/2015,57,4464,1.94,2015,4,4,Friday,110.58,Lego Set,Toys
11/04/2015,58,4690,1.88,2015,4,5,Saturday,109.04,Baby Diapers,Groceries
12/04/2015,54,4948,1.1,2015,4,6,Sunday,59.4,HP Laptop,Electronics
13/04/2015,54,4973,1.39,2015,4,0,Monday,75.06,Car Oil,Automotive
14/04/2015,52,4730,1.55,2015,4,1,Tuesday,80.6,Lego Set,Toys
15/04/2015,42,4081,1.5,2015,4,2,Wednesday,63,Sony Headphones,Electronics
16/04/2015,59,4603,1.19,2015,4,3,Thursday,70.21,Car Oil,Automotive
17/04/2015,58,4946,1.86,2015,4,4,Friday,107.88,Samsung Galaxy S22,Electronics
18/04/2015,46,4686,1.68,2015,4,5,Saturday,77.28,Wiper Blades,Automotive
19/04/2015,42,4750,1.84,2015,4,6,Sunday,77.28,Lego Set,Toys
20/04/2015,58,4771,1.86,2015,4,0,Monday,107.88,Samsung Galaxy S22,Electronics
21/04/2015,53,4902,1.75,2015,4,1,Tuesday,92.75,Samsung Galaxy S22,Electronics
22/04/2015,53,4364,1.44,2015,4,2,Wednesday,76.32,Novel Book,Books
23/04/2015,56,4162,1.61,2015,4,3,Thursday,90.16,Basketball,Sports
24/04/2015,56,4047,1.16,2015,4,4,Friday,64.96,Basketball,Sports
25/04/2015,69,4510,1.67,2015,4,5,Saturday,115.23,Face Cream,Beauty & Health
26/04/2015,54,4328,1.18,2015,4,6,Sunday,63.72,Baby Diapers,Groceries
27/04/2015,46,4839,1.69,2015,4,0,Monday,77.74,Garden Shovel,Home & Garden
28/04/2015,37,4115,1.23,2015,4,1,Tuesday,45.51,iPhone 14,Electronics
29/04/2015,47,4940,1.12,2015,4,2,Wednesday,52.64,Garden Shovel,Home & Garden
30/04/2015,55,4848,1.17,2015,4,3,Thursday,64.35,HP Laptop,Electronics
01/05/2015,56,4336,1,2015,5,4,Friday,56,Baby Diapers,Groceries
02/05/2015,50,4880,1.72,2015,5,5,Saturday,86,Yoga Mat,Sports
03/05/2015,54,4736,1.73,2015,5,6,Sunday,93.42,Notebook,Office Supplies
04/05/2015,48,4863,1.51,2015,5,0,Monday,72.48,Wall Paint,Home & Garden
05/05/2015,42,4839,1.16,2015,5,1,Tuesday,48.72,Novel Book,Books
06/05/2015,54,4146,1.08,2015,5,2,Wednesday,58.32,iPhone 14,Electronics
07/05/2015,38,4574,1.02,2015,5,3,Thursday,38.76,Garden Shovel,Home & Garden
08/05/2015,53,4805,1.17,2015,5,4,Friday,62.01,iPhone 14,Electronics
09/05/2015,66,4322,1.89,2015,5,5,Saturday,124.74,Yoga Mat,Sports
10/05/2015,49,4442,1.24,2015,5,6,Sunday,60.76,Lego Set,Toys
11/05/2015,48,4836,1.35,2015,5,0,Monday,64.8,Baby Diapers,Groceries
12/05/2015,48,4012,1.11,2015,5,1,Tuesday,53.28,Samsung Galaxy S22,Electronics
13/05/2015,60,4942,1.22,2015,5,2,Wednesday,73.2,Lego Set,Toys
14/05/2015,43,4493,1.52,2015,5,3,Thursday,65.36,HP Laptop,Electronics
15/05/2015,53,4700,1.61,2015,5,4,Friday,85.33,Wall Paint,Home & Garden
16/05/2015,59,4286,1.25,2015,5,5,Saturday,73.75,Car Oil,Automotive
17/05/2015,71,4719,1.06,2015,5,6,Sunday,75.26,Garden Shovel,Home & Garden
18/05/2015,59,4113,1.39,2015,5,0,Monday,82.01,Organic Milk,Groceries
19/05/2015,56,4479,1.23,2015,5,1,Tuesday,68.88,Notebook,Office Supplies
20/05/2015,41,4021,1.22,2015,5,2,Wednesday,50.02,Garden Shovel,Home & Garden
21/05/2015,62,4348,1.96,2015,5,3,Thursday,121.52,Garden Shovel,Home & Garden
22/05/2015,57,4725,1.62,2015,5,4,Friday,92.34,Shampoo,Beauty & Health
23/05/2015,40,4682,1.56,2015,5,5,Saturday,62.4,Sony Headphones,Electronics
24/05/2015,54,4834,1.42,2015,5,6,Sunday,76.68,Wall Paint,Home & Garden
25/05/2015,43,4565,1.43,2015,5,0,Monday,61.49,Sony Headphones,Electronics
26/05/2015,36,4905,1.54,2015,5,1,Tuesday,55.44,Lego Set,Toys
27/05/2015,45,4809,1.7,2015,5,2,Wednesday,76.5,Novel Book,Books
28/05/2015,46,4319,1.7,2015,5,3,Thursday,78.2,Samsung Galaxy S22,Electronics
29/05/2015,48,4125,1.17,2015,5,4,Friday,56.16,Novel Book,Books
30/05/2015,52,4276,1.5,2015,5,5,Saturday,78,Basketball,Sports
31/05/2015,54,4975,1.41,2015,5,6,Sunday,76.14,Samsung Galaxy S22,Electronics
01/06/2015,56,4203,1.87,2015,6,0,Monday,104.72,Wiper Blades,Automotive
02/06/2015,50,4193,1.63,2015,6,1,Tuesday,81.5,Women Jeans,Clothing
03/06/2015,41,4680,1.53,2015,6,2,Wednesday,62.73,Lego Set,Toys
04/06/2015,52,4663,1.12,2015,6,3,Thursday,58.24,Lego Set,Toys
05/06/2015,51,4546,1.61,2015,6,4,Friday,82.11,Organic Milk,Groceries
06/06/2015,46,4695,1.12,2015,6,5,Saturday,51.52,iPhone 14,Electronics
07/06/2015,38,4285,1.34,2015,6,6,Sunday,50.92,Shampoo,Beauty & Health
08/06/2015,30,4056,1.14,2015,6,0,Monday,34.2,Toy Car,Toys
09/06/2015,48,4733,1.69,2015,6,1,Tuesday,81.12,Lego Set,Toys
10/06/2015,51,4302,1.21,2015,6,2,Wednesday,61.71,Yoga Mat,Sports
11/06/2015,57,4162,1.39,2015,6,3,Thursday,79.23,Men T-Shirt,Clothing
12/06/2015,42,4018,1.9,2015,6,4,Friday,79.8,Basketball,Sports
13/06/2015,53,4369,1.2,2015,6,5,Saturday,63.6,Shampoo,Beauty & Health
14/06/2015,54,4263,1.51,2015,6,6,Sunday,81.54,Wiper Blades,Automotive
15/06/2015,55,4793,1.42,2015,6,0,Monday,78.1,Notebook,Office Supplies
16/06/2015,47,4112,1.02,2015,6,1,Tuesday,47.94,Garden Shovel,Home & Garden
17/06/2015,38,4487,1.79,2015,6,2,Wednesday,68.02,Toy Car,Toys
18/06/2015,51,4326,1.07,2015,6,3,Thursday,54.57,Basketball,Sports
19/06/2015,49,4541,1.47,2015,6,4,Friday,72.03,Samsung Galaxy S22,Electronics
20/06/2015,50,4646,1.56,2015,6,5,Saturday,78,Samsung Galaxy S22,Electronics
21/06/2015,38,4578,1.63,2015,6,6,Sunday,61.94,Wall Paint,Home & Garden
22/06/2015,44,4064,1.69,2015,6,0,Monday,74.36,Organic Milk,Groceries
23/06/2015,59,4291,1.25,2015,6,1,Tuesday,73.75,Toy Car,Toys
24/06/2015,43,4024,1.01,2015,6,2,Wednesday,43.43,Wall Paint,Home & Garden
25/06/2015,53,4548,1.72,2015,6,3,Thursday,91.16,Toy Car,Toys
26/06/2015,51,4000,1.54,2015,6,4,Friday,78.54,Lego Set,Toys
27/06/2015,43,4910,1.84,2015,6,5,Saturday,79.12,Samsung Galaxy S22,Electronics
28/06/2015,37,4548,1.82,2015,6,6,Sunday,67.34,Basketball,Sports
29/06/2015,45,4140,1.84,2015,6,0,Monday,82.8,Wiper Blades,Automotive
30/06/2015,59,4743,1.49,2015,6,1,Tuesday,87.91,Baby Diapers,Groceries
01/07/2015,55,4647,1.33,2015,7,2,Wednesday,73.15,Samsung Galaxy S22,Electronics
02/07/2015,47,4900,1.79,2015,7,3,Thursday,84.13,iPhone 14,Electronics
03/07/2015,59,4187,1.45,2015,7,4,Friday,85.55,Car Oil,Automotive
04/07/2015,49,4127,1.18,2015,7,5,Saturday,57.82,HP Laptop,Electronics
05/07/2015,50,4200,1.85,2015,7,6,Sunday,92.5,Samsung Galaxy S22,Electronics
06/07/2015,61,4126,1.88,2015,7,0,Monday,114.68,Face Cream,Beauty & Health
07/07/2015,45,4256,1.47,2015,7,1,Tuesday,66.15,Samsung Galaxy S22,Electronics
08/07/2015,62,4675,1.08,2015,7,2,Wednesday,66.96,Yoga Mat,Sports
09/07/2015,53,4546,1.39,2015,7,3,Thursday,73.67,Wall Paint,Home & Garden
10/07/2015,55,4193,1.8,2015,7,4,Friday,99,Men T-Shirt,Clothing
11/07/2015,42,4702,1.9,2015,7,5,Saturday,79.8,Wiper Blades,Automotive
12/07/2015,72,4103,1.2,2015,7,6,Sunday,86.4,Baby Diapers,Groceries
13/07/2015,59,4534,1.07,2015,7,0,Monday,63.13,Lego Set,Toys
14/07/2015,44,4264,1.88,2015,7,1,Tuesday,82.72,Face Cream,Beauty & Health
15/07/2015,49,4801,1.39,2015,7,2,Wednesday,68.11,Face Cream,Beauty & Health
16/07/2015,47,4941,1.54,2015,7,3,Thursday,72.38,Men T-Shirt,Clothing
17/07/2015,42,4973,1.97,2015,7,4,Friday,82.74,Notebook,Office Supplies
18/07/2015,71,4383,1.07,2015,7,5,Saturday,75.97,Face Cream,Beauty & Health
19/07/2015,53,4259,1.65,2015,7,6,Sunday,87.45,Samsung Galaxy S22,Electronics
20/07/2015,56,4413,1.07,2015,7,0,Monday,59.92,Wall Paint,Home & Garden
21/07/2015,44,4990,1.38,2015,7,1,Tuesday,60.72,Women Jeans,Clothing
22/07/2015,42,4357,1.8,2015,7,2,Wednesday,75.6,HP Laptop,Electronics
23/07/2015,46,4074,1.43,2015,7,3,Thursday,65.78,Shampoo,Beauty & Health
24/07/2015,48,4354,2,2015,7,4,Friday,96,HP Laptop,Electronics
25/07/2015,52,4583,1.56,2015,7,5,Saturday,81.12,Face Cream,Beauty & Health
26/07/2015,42,4770,1.32,2015,7,6,Sunday,55.44,Basketball,Sports
27/07/2015,53,4909,1.22,2015,7,0,Monday,64.66,HP Laptop,Electronics
28/07/2015,58,4187,1.35,2015,7,1,Tuesday,78.3,iPhone 14,Electronics
29/07/2015,52,4972,1.37,2015,7,2,Wednesday,71.24,Shampoo,Beauty & Health
30/07/2015,43,4684,1.07,2015,7,3,Thursday,46.01,HP Laptop,Electronics
31/07/2015,45,4991,1.37,2015,7,4,Friday,61.65,Wiper Blades,Automotive
01/08/2015,51,4289,1.46,2015,8,5,Saturday,74.46,Notebook,Office Supplies
02/08/2015,32,4044,1.72,2015,8,6,Sunday,55.04,Women Jeans,Clothing
03/08/2015,49,4572,1.66,2015,8,0,Monday,81.34,Sony Headphones,Electronics
04/08/2015,46,4082,1.71,2015,8,1,Tuesday,78.66,Shampoo,Beauty & Health
05/08/2015,32,4122,1.01,2015,8,2,Wednesday,32.32,Basketball,Sports
06/08/2015,53,4357,1.22,2015,8,3,Thursday,64.66,Men T-Shirt,Clothing
07/08/2015,49,4527,1.66,2015,8,4,Friday,81.34,HP Laptop,Electronics
08/08/2015,50,4065,1.48,2015,8,5,Saturday,74,Organic Milk,Groceries
09/08/2015,41,4935,1.01,2015,8,6,Sunday,41.41,Car Oil,Automotive
10/08/2015,46,4656,1.8,2015,8,0,Monday,82.8,Face Cream,Beauty & Health
11/08/2015,43,4374,1.77,2015,8,1,Tuesday,76.11,Baby Diapers,Groceries
12/08/2015,72,4161,1.55,2015,8,2,Wednesday,111.6,Face Cream,Beauty & Health
13/08/2015,54,4745,1.07,2015,8,3,Thursday,57.78,Women Jeans,Clothing
14/08/2015,59,4379,1.77,2015,8,4,Friday,104.43,Wall Paint,Home & Garden
15/08/2015,54,4655,1.58,2015,8,5,Saturday,85.32,Basketball,Sports
16/08/2015,65,4357,1.78,2015,8,6,Sunday,115.7,Novel Book,Books
17/08/2015,50,4187,1.75,2015,8,0,Monday,87.5,Shampoo,Beauty & Health
18/08/2015,59,4321,1.8,2015,8,1,Tuesday,106.2,Face Cream,Beauty & Health
19/08/2015,54,4449,1.52,2015,8,2,Wednesday,82.08,Baby Diapers,Groceries
20/08/2015,44,4473,1.14,2015,8,3,Thursday,50.16,Face Cream,Beauty & Health
21/08/2015,48,4012,1.67,2015,8,4,Friday,80.16,Yoga Mat,Sports
22/08/2015,40,4183,1.62,2015,8,5,Saturday,64.8,Wall Paint,Home & Garden
23/08/2015,59,4110,1.74,2015,8,6,Sunday,102.66,Novel Book,Books
24/08/2015,51,4926,1.17,2015,8,0,Monday,59.67,Toy Car,Toys
25/08/2015,60,4507,1.19,2015,8,1,Tuesday,71.4,Yoga Mat,Sports
26/08/2015,46,4289,1.89,2015,8,2,Wednesday,86.94,Wall Paint,Home & Garden
27/08/2015,57,4294,1.75,2015,8,3,Thursday,99.75,Samsung Galaxy S22,Electronics
28/08/2015,57,4450,1.91,2015,8,4,Friday,108.87,Men T-Shirt,Clothing
29/08/2015,57,4903,1.76,2015,8,5,Saturday,100.32,Shampoo,Beauty & Health
30/08/2015,51,4214,1.6,2015,8,6,Sunday,81.6,Wiper Blades,Automotive
31/08/2015,46,4973,1.65,2015,8,0,Monday,75.9,Organic Milk,Groceries
01/09/2015,48,4631,1.89,2015,9,1,Tuesday,90.72,Face Cream,Beauty & Health
02/09/2015,48,4893,1.58,2015,9,2,Wednesday,75.84,Yoga Mat,Sports
03/09/2015,44,4566,1.63,2015,9,3,Thursday,71.72,Garden Shovel,Home & Garden
04/09/2015,44,4026,1.16,2015,9,4,Friday,51.04,iPhone 14,Electronics
05/09/2015,52,4629,1.47,2015,9,5,Saturday,76.44,Sony Headphones,Electronics
06/09/2015,52,4732,1.72,2015,9,6,Sunday,89.44,Novel Book,Books
07/09/2015,47,4230,1.27,2015,9,0,Monday,59.69,Car Oil,Automotive
08/09/2015,50,4564,1.2,2015,9,1,Tuesday,60,Face Cream,Beauty & Health
09/09/2015,47,4806,1.31,2015,9,2,Wednesday,61.57,Organic Milk,Groceries
10/09/2015,52,4320,1.24,2015,9,3,Thursday,64.48,Shampoo,Beauty & Health
11/09/2015,52,4912,1.21,2015,9,4,Friday,62.92,Wiper Blades,Automotive
12/09/2015,57,4232,1.42,2015,9,5,Saturday,80.94,Sony Headphones,Electronics
13/09/2015,67,4669,1.91,2015,9,6,Sunday,127.97,Men T-Shirt,Clothing
14/09/2015,43,4436,1.51,2015,9,0,Monday,64.93,Toy Car,Toys
15/09/2015,53,4780,1.19,2015,9,1,Tuesday,63.07,Women Jeans,Clothing
16/09/2015,47,4532,1.08,2015,9,2,Wednesday,50.76,Samsung Galaxy S22,Electronics
17/09/2015,50,4402,1.7,2015,9,3,Thursday,85,Shampoo,Beauty & Health
18/09/2015,45,4052,1.38,2015,9,4,Friday,62.1,Men T-Shirt,Clothing
19/09/2015,57,4786,1.82,2015,9,5,Saturday,103.74,Organic Milk,Groceries
20/09/2015,46,4312,1.66,2015,9,6,Sunday,76.36,iPhone 14,Electronics
21/09/2015,55,4280,1.8,2015,9,0,Monday,99,Wiper Blades,Automotive
22/09/2015,48,4725,1.27,2015,9,1,Tuesday,60.96,Wall Paint,Home & Garden
23/09/2015,42,4030,1.69,2015,9,2,Wednesday,70.98,Garden Shovel,Home & Garden
24/09/2015,43,4336,1.26,2015,9,3,Thursday,54.18,Baby Diapers,Groceries
25/09/2015,54,4182,1.94,2015,9,4,Friday,104.76,Yoga Mat,Sports
26/09/2015,51,4022,1.64,2015,9,5,Saturday,83.64,Garden Shovel,Home & Garden
27/09/2015,69,4543,1.32,2015,9,6,Sunday,91.08,Basketball,Sports
28/09/2015,57,4445,1.27,2015,9,0,Monday,72.39,Sony Headphones,Electronics
29/09/2015,66,4073,1.19,2015,9,1,Tuesday,78.54,Wiper Blades,Automotive
30/09/2015,44,4009,1.69,2015,9,2,Wednesday,74.36,Face Cream,Beauty & Health
01/10/2015,52,4483,1.22,2015,10,3,Thursday,63.44,Sony Headphones,Electronics
02/10/2015,47,4455,1.6,2015,10,4,Friday,75.2,iPhone 14,Electronics
03/10/2015,56,4565,1.26,2015,10,5,Saturday,70.56,Yoga Mat,Sports
04/10/2015,57,4563,1.66,2015,10,6,Sunday,94.62,iPhone 14,Electronics
05/10/2015,53,4659,1.81,2015,10,0,Monday,95.93,Novel Book,Books
06/10/2015,53,4159,1.78,2015,10,1,Tuesday,94.34,Samsung Galaxy S22,Electronics
07/10/2015,52,4881,1.76,2015,10,2,Wednesday,91.52,Wiper Blades,Automotive
08/10/2015,55,4013,1.19,2015,10,3,Thursday,65.45,Women Jeans,Clothing
09/10/2015,44,4177,1.09,2015,10,4,Friday,47.96,Organic Milk,Groceries
10/10/2015,52,4411,1.7,2015,10,5,Saturday,88.4,Basketball,Sports
11/10/2015,44,4877,1.37,2015,10,6,Sunday,60.28,Car Oil,Automotive
12/10/2015,52,4052,1.43,2015,10,0,Monday,74.36,iPhone 14,Electronics
13/10/2015,54,4407,1.03,2015,10,1,Tuesday,55.62,Sony Headphones,Electronics
14/10/2015,48,4846,1.26,2015,10,2,Wednesday,60.48,Sony Headphones,Electronics
15/10/2015,41,4021,1.03,2015,10,3,Thursday,42.23,Men T-Shirt,Clothing
16/10/2015,55,4029,1.88,2015,10,4,Friday,103.4,Wall Paint,Home & Garden
17/10/2015,45,4702,1.24,2015,10,5,Saturday,55.8,Wall Paint,Home & Garden
18/10/2015,43,4259,1.56,2015,10,6,Sunday,67.08,Wiper Blades,Automotive
19/10/2015,44,4204,1.04,2015,10,0,Monday,45.76,Shampoo,Beauty & Health
20/10/2015,37,4058,1.67,2015,10,1,Tuesday,61.79,Wiper Blades,Automotive
21/10/2015,37,4470,1.32,2015,10,2,Wednesday,48.84,Toy Car,Toys
22/10/2015,44,4775,1.9,2015,10,3,Thursday,83.6,Baby Diapers,Groceries
23/10/2015,60,4465,1.89,2015,10,4,Friday,113.4,HP Laptop,Electronics
24/10/2015,51,4011,1.33,2015,10,5,Saturday,67.83,Car Oil,Automotive
25/10/2015,46,4630,1.9,2015,10,6,Sunday,87.4,Car Oil,Automotive
26/10/2015,51,4926,2,2015,10,0,Monday,102,Women Jeans,Clothing
27/10/2015,49,4973,1.83,2015,10,1,Tuesday,89.67,Shampoo,Beauty & Health
28/10/2015,51,4289,1.84,2015,10,2,Wednesday,93.84,Garden Shovel,Home & Garden
29/10/2015,42,4849,1.25,2015,10,3,Thursday,52.5,Shampoo,Beauty & Health
30/10/2015,43,4759,1.58,2015,10,4,Friday,67.94,Shampoo,Beauty & Health
31/10/2015,39,4353,1.07,2015,10,5,Saturday,41.73,Wiper Blades,Automotive
01/11/2015,56,4638,1.09,2015,11,6,Sunday,61.04,Yoga Mat,Sports
02/11/2015,53,4074,2,2015,11,0,Monday,106,Shampoo,Beauty & Health
03/11/2015,63,4872,1.33,2015,11,1,Tuesday,83.79,Garden Shovel,Home & Garden
04/11/2015,48,4715,1.75,2015,11,2,Wednesday,84,Car Oil,Automotive
05/11/2015,51,4560,1.81,2015,11,3,Thursday,92.31,Organic Milk,Groceries
06/11/2015,50,4590,1.86,2015,11,4,Friday,93,Wiper Blades,Automotive
07/11/2015,38,4440,2,2015,11,5,Saturday,76,Organic Milk,Groceries
08/11/2015,41,4990,1.24,2015,11,6,Sunday,50.84,Lego Set,Toys
09/11/2015,56,4240,1.04,2015,11,0,Monday,58.24,Basketball,Sports
10/11/2015,45,4860,1.41,2015,11,1,Tuesday,63.45,Car Oil,Automotive
11/11/2015,51,4153,1.13,2015,11,2,Wednesday,57.63,Garden Shovel,Home & Garden
12/11/2015,48,4785,1.02,2015,11,3,Thursday,48.96,Shampoo,Beauty & Health
13/11/2015,52,4095,1.36,2015,11,4,Friday,70.72,Toy Car,Toys
14/11/2015,62,4725,1.78,2015,11,5,Saturday,110.36,Wiper Blades,Automotive
15/11/2015,40,4293,1.57,2015,11,6,Sunday,62.8,Car Oil,Automotive
16/11/2015,47,4208,1.31,2015,11,0,Monday,61.57,Basketball,Sports
17/11/2015,59,4342,1.65,2015,11,1,Tuesday,97.35,Baby Diapers,Groceries
18/11/2015,57,4087,1.23,2015,11,2,Wednesday,70.11,Car Oil,Automotive
19/11/2015,38,4817,1.01,2015,11,3,Thursday,38.38,Wall Paint,Home & Garden
20/11/2015,42,4775,1.76,2015,11,4,Friday,73.92,Yoga Mat,Sports
21/11/2015,47,4936,1.62,2015,11,5,Saturday,76.14,Face Cream,Beauty & Health
22/11/2015,53,4389,1.76,2015,11,6,Sunday,93.28,Garden Shovel,Home & Garden
23/11/2015,41,4324,1.04,2015,11,0,Monday,42.64,Lego Set,Toys
24/11/2015,62,4939,1.84,2015,11,1,Tuesday,114.08,Garden Shovel,Home & Garden
25/11/2015,52,4888,1.62,2015,11,2,Wednesday,84.24,Women Jeans,Clothing
26/11/2015,42,4831,1.56,2015,11,3,Thursday,65.52,Samsung Galaxy S22,Electronics
27/11/2015,48,4156,1.62,2015,11,4,Friday,77.76,Garden Shovel,Home & Garden
28/11/2015,47,4667,1.86,2015,11,5,Saturday,87.42,Car Oil,Automotive
29/11/2015,46,4650,1.59,2015,11,6,Sunday,73.14,Women Jeans,Clothing
30/11/2015,49,4632,1.58,2015,11,0,Monday,77.42,Face Cream,Beauty & Health
01/12/2015,53,4576,1.99,2015,12,1,Tuesday,105.47,Wiper Blades,Automotive
02/12/2015,52,4618,1.76,2015,12,2,Wednesday,91.52,Women Jeans,Clothing
03/12/2015,42,4658,1.44,2015,12,3,Thursday,60.48,Novel Book,Books
04/12/2015,56,4136,1.71,2015,12,4,Friday,95.76,Lego Set,Toys
05/12/2015,41,4922,1.39,2015,12,5,Saturday,56.99,iPhone 14,Electronics
06/12/2015,46,4673,1.23,2015,12,6,Sunday,56.58,Sony Headphones,Electronics
07/12/2015,54,4427,1.6,2015,12,0,Monday,86.4,Organic Milk,Groceries
08/12/2015,57,4451,1.93,2015,12,1,Tuesday,110.01,Organic Milk,Groceries
09/12/2015,46,4611,1.93,2015,12,2,Wednesday,88.78,Wiper Blades,Automotive
10/12/2015,50,4849,1.34,2015,12,3,Thursday,67,Yoga Mat,Sports
11/12/2015,41,4910,1.53,2015,12,4,Friday,62.73,Baby Diapers,Groceries
12/12/2015,49,4818,1.21,2015,12,5,Saturday,59.29,Garden Shovel,Home & Garden
13/12/2015,47,4140,2,2015,12,6,Sunday,94,Baby Diapers,Groceries
14/12/2015,58,4082,1.98,2015,12,0,Monday,114.84,HP Laptop,Electronics
15/12/2015,56,4176,1.65,2015,12,1,Tuesday,92.4,Wall Paint,Home & Garden
16/12/2015,48,4197,1.8,2015,12,2,Wednesday,86.4,Women Jeans,Clothing
17/12/2015,56,4623,1.72,2015,12,3,Thursday,96.32,Face Cream,Beauty & Health
18/12/2015,51,4567,1.59,2015,12,4,Friday,81.09,Wall Paint,Home & Garden
19/12/2015,68,4971,1.05,2015,12,5,Saturday,71.4,Garden Shovel,Home & Garden
20/12/2015,40,4690,1.45,2015,12,6,Sunday,58,Car Oil,Automotive
21/12/2015,49,4420,1.67,2015,12,0,Monday,81.83,Men T-Shirt,Clothing
22/12/2015,39,4400,1.68,2015,12,1,Tuesday,65.52,Face Cream,Beauty & Health
23/12/2015,41,4697,1.37,2015,12,2,Wednesday,56.17,Basketball,Sports
24/12/2015,55,4470,1.94,2015,12,3,Thursday,106.7,Shampoo,Beauty & Health
25/12/2015,47,4217,1.17,2015,12,4,Friday,54.99,Wiper Blades,Automotive
26/12/2015,49,4924,1.5,2015,12,5,Saturday,73.5,HP Laptop,Electronics
27/12/2015,56,4928,1.69,2015,12,6,Sunday,94.64,Garden Shovel,Home & Garden
28/12/2015,54,4827,1.7,2015,12,0,Monday,91.8,Novel Book,Books
29/12/2015,45,4986,1.65,2015,12,1,Tuesday,74.25,Baby Diapers,Groceries
30/12/2015,49,4728,1.28,2015,12,2,Wednesday,62.72,Face Cream,Beauty & Health
31/12/2015,53,4631,1.16,2015,12,3,Thursday,61.48,Garden Shovel,Home & Garden
01/01/2016,53,4950,1.64,2016,1,4,Friday,86.92,Toy Car,Toys
02/01/2016,36,4905,1.6,2016,1,5,Saturday,57.6,Shampoo,Beauty & Health
03/01/2016,41,4174,1.18,2016,1,6,Sunday,48.38,Notebook,Office Supplies
04/01/2016,50,4022,1.71,2016,1,0,Monday,85.5,Garden Shovel,Home & Garden
05/01/2016,32,4724,1.46,2016,1,1,Tuesday,46.72,Yoga Mat,Sports
06/01/2016,55,4916,1.67,2016,1,2,Wednesday,91.85,Car Oil,Automotive
07/01/2016,37,4234,1.84,2016,1,3,Thursday,68.08,iPhone 14,Electronics
08/01/2016,47,4012,1.17,2016,1,4,Friday,54.99,HP Laptop,Electronics
09/01/2016,47,4100,1.02,2016,1,5,Saturday,47.94,Face Cream,Beauty & Health
10/01/2016,53,4928,1.78,2016,1,6,Sunday,94.34,Face Cream,Beauty & Health
11/01/2016,42,4535,1.61,2016,1,0,Monday,67.62,Sony Headphones,Electronics
12/01/2016,53,4875,1.7,2016,1,1,Tuesday,90.1,Novel Book,Books
13/01/2016,45,4522,1.84,2016,1,2,Wednesday,82.8,Sony Headphones,Electronics
14/01/2016,46,4784,1.8,2016,1,3,Thursday,82.8,Basketball,Sports
15/01/2016,53,4451,1.96,2016,1,4,Friday,103.88,Face Cream,Beauty & Health
16/01/2016,43,4430,1.54,2016,1,5,Saturday,66.22,Wiper Blades,Automotive
17/01/2016,52,4792,1.49,2016,1,6,Sunday,77.48,Shampoo,Beauty & Health
18/01/2016,53,4605,1.4,2016,1,0,Monday,74.2,Yoga Mat,Sports
19/01/2016,57,4712,1.15,2016,1,1,Tuesday,65.55,Face Cream,Beauty & Health
20/01/2016,52,4532,1.57,2016,1,2,Wednesday,81.64,Car Oil,Automotive
21/01/2016,57,4851,1.28,2016,1,3,Thursday,72.96,Women Jeans,Clothing
22/01/2016,41,4978,1.92,2016,1,4,Friday,78.72,Lego Set,Toys
23/01/2016,63,4722,1.58,2016,1,5,Saturday,99.54,Yoga Mat,Sports
24/01/2016,47,4651,1.59,2016,1,6,Sunday,74.73,Wiper Blades,Automotive
25/01/2016,49,4292,1.35,2016,1,0,Monday,66.15,Women Jeans,Clothing
26/01/2016,65,4809,1.05,2016,1,1,Tuesday,68.25,Lego Set,Toys
27/01/2016,40,4912,1.03,2016,1,2,Wednesday,41.2,Baby Diapers,Groceries
28/01/2016,60,4100,1.42,2016,1,3,Thursday,85.2,Novel Book,Books
29/01/2016,45,4501,1.08,2016,1,4,Friday,48.6,Notebook,Office Supplies
30/01/2016,62,4303,1.61,2016,1,5,Saturday,99.82,Novel Book,Books
31/01/2016,56,4870,1.88,2016,1,6,Sunday,105.28,Toy Car,Toys
01/02/2016,58,4539,1.88,2016,2,0,Monday,109.04,Lego Set,Toys
02/02/2016,56,4552,1.66,2016,2,1,Tuesday,92.96,Lego Set,Toys
03/02/2016,42,4354,1.21,2016,2,2,Wednesday,50.82,Baby Diapers,Groceries
04/02/2016,33,4302,1.86,2016,2,3,Thursday,61.38,Basketball,Sports
05/02/2016,41,4495,1.89,2016,2,4,Friday,77.49,Notebook,Office Supplies
06/02/2016,57,4657,1.2,2016,2,5,Saturday,68.4,Women Jeans,Clothing
07/02/2016,50,4767,1.74,2016,2,6,Sunday,87,Wiper Blades,Automotive
08/02/2016,55,4973,1.29,2016,2,0,Monday,70.95,iPhone 14,Electronics
09/02/2016,52,4226,1.8,2016,2,1,Tuesday,93.6,iPhone 14,Electronics
10/02/2016,46,4235,2,2016,2,2,Wednesday,92,Wall Paint,Home & Garden
11/02/2016,54,4872,1.03,2016,2,3,Thursday,55.62,Samsung Galaxy S22,Electronics
12/02/2016,53,4891,1.9,2016,2,4,Friday,100.7,HP Laptop,Electronics
13/02/2016,42,4454,1.62,2016,2,5,Saturday,68.04,Novel Book,Books
14/02/2016,39,4012,1.97,2016,2,6,Sunday,76.83,HP Laptop,Electronics
15/02/2016,57,4209,1.47,2016,2,0,Monday,83.79,Garden Shovel,Home & Garden
16/02/2016,51,4740,1.85,2016,2,1,Tuesday,94.35,HP Laptop,Electronics
17/02/2016,52,4396,1.06,2016,2,2,Wednesday,55.12,iPhone 14,Electronics
18/02/2016,47,4099,1.34,2016,2,3,Thursday,62.98,Baby Diapers,Groceries
19/02/2016,51,4030,1.07,2016,2,4,Friday,54.57,Notebook,Office Supplies
20/02/2016,56,4897,1.98,2016,2,5,Saturday,110.88,Toy Car,Toys
21/02/2016,55,4527,1.82,2016,2,6,Sunday,100.1,Sony Headphones,Electronics
22/02/2016,67,4648,1.85,2016,2,0,Monday,123.95,Organic Milk,Groceries
23/02/2016,46,4328,1.94,2016,2,1,Tuesday,89.24,Car Oil,Automotive
24/02/2016,46,4165,1.09,2016,2,2,Wednesday,50.14,HP Laptop,Electronics
25/02/2016,49,4458,1.39,2016,2,3,Thursday,68.11,Notebook,Office Supplies
26/02/2016,60,4821,1.07,2016,2,4,Friday,64.2,Wiper Blades,Automotive
27/02/2016,48,4951,1.21,2016,2,5,Saturday,58.08,Garden Shovel,Home & Garden
28/02/2016,54,4981,1.23,2016,2,6,Sunday,66.42,Face Cream,Beauty & Health
29/02/2016,52,4992,1.47,2016,2,0,Monday,76.44,Notebook,Office Supplies
01/03/2016,57,4099,1.27,2016,3,1,Tuesday,72.39,Basketball,Sports
02/03/2016,52,4620,1.1,2016,3,2,Wednesday,57.2,Sony Headphones,Electronics
03/03/2016,53,4854,1.17,2016,3,3,Thursday,62.01,Yoga Mat,Sports
04/03/2016,52,4172,1.15,2016,3,4,Friday,59.8,HP Laptop,Electronics
05/03/2016,51,4748,1.97,2016,3,5,Saturday,100.47,Men T-Shirt,Clothing
06/03/2016,54,4161,1.76,2016,3,6,Sunday,95.04,Novel Book,Books
07/03/2016,45,4904,1.97,2016,3,0,Monday,88.65,Baby Diapers,Groceries
08/03/2016,50,4727,1.44,2016,3,1,Tuesday,72,Basketball,Sports
09/03/2016,35,4775,1.28,2016,3,2,Wednesday,44.8,Face Cream,Beauty & Health
10/03/2016,56,4262,1.8,2016,3,3,Thursday,100.8,Basketball,Sports
11/03/2016,56,4803,1.33,2016,3,4,Friday,74.48,Baby Diapers,Groceries
12/03/2016,49,4273,1.3,2016,3,5,Saturday,63.7,Toy Car,Toys
13/03/2016,46,4002,1.23,2016,3,6,Sunday,56.58,HP Laptop,Electronics
14/03/2016,38,4027,1.13,2016,3,0,Monday,42.94,Garden Shovel,Home & Garden
15/03/2016,52,4325,1.26,2016,3,1,Tuesday,65.52,Samsung Galaxy S22,Electronics
16/03/2016,53,4939,1.36,2016,3,2,Wednesday,72.08,Wall Paint,Home & Garden
17/03/2016,53,4148,1.67,2016,3,3,Thursday,88.51,Wall Paint,Home & Garden
18/03/2016,40,4539,1.06,2016,3,4,Friday,42.4,HP Laptop,Electronics
19/03/2016,58,4487,1.21,2016,3,5,Saturday,70.18,Notebook,Office Supplies
20/03/2016,51,4821,1.81,2016,3,6,Sunday,92.31,Baby Diapers,Groceries
21/03/2016,43,4437,1.15,2016,3,0,Monday,49.45,iPhone 14,Electronics
22/03/2016,46,4064,1.34,2016,3,1,Tuesday,61.64,Shampoo,Beauty & Health
23/03/2016,45,4355,1.86,2016,3,2,Wednesday,83.7,Women Jeans,Clothing
24/03/2016,46,4532,1.15,2016,3,3,Thursday,52.9,Women Jeans,Clothing
25/03/2016,45,4251,1.08,2016,3,4,Friday,48.6,Wall Paint,Home & Garden
26/03/2016,59,4234,1.48,2016,3,5,Saturday,87.32,Organic Milk,Groceries
27/03/2016,43,4226,1.3,2016,3,6,Sunday,55.9,Car Oil,Automotive
28/03/2016,49,4524,1.56,2016,3,0,Monday,76.44,Men T-Shirt,Clothing
29/03/2016,41,4312,1.8,2016,3,1,Tuesday,73.8,Notebook,Office Supplies
30/03/2016,55,4048,1.14,2016,3,2,Wednesday,62.7,Men T-Shirt,Clothing
31/03/2016,49,4117,1.58,2016,3,3,Thursday,77.42,Lego Set,Toys
01/04/2016,56,4053,1.51,2016,4,4,Friday,84.56,iPhone 14,Electronics
02/04/2016,52,4649,1.14,2016,4,5,Saturday,59.28,Lego Set,Toys
03/04/2016,55,4564,1.62,2016,4,6,Sunday,89.1,Men T-Shirt,Clothing
04/04/2016,67,4043,1.27,2016,4,0,Monday,85.09,Wall Paint,Home & Garden
05/04/2016,35,4814,1.49,2016,4,1,Tuesday,52.15,Baby Diapers,Groceries
06/04/2016,45,4052,1.08,2016,4,2,Wednesday,48.6,Toy Car,Toys
07/04/2016,61,4585,1.46,2016,4,3,Thursday,89.06,Wall Paint,Home & Garden
08/04/2016,45,4557,1.31,2016,4,4,Friday,58.95,iPhone 14,Electronics
09/04/2016,49,4524,1.82,2016,4,5,Saturday,89.18,Garden Shovel,Home & Garden
10/04/2016,36,4676,1.06,2016,4,6,Sunday,38.16,Yoga Mat,Sports
11/04/2016,30,4101,1.42,2016,4,0,Monday,42.6,Samsung Galaxy S22,Electronics
12/04/2016,61,4791,1.46,2016,4,1,Tuesday,89.06,Wiper Blades,Automotive
13/04/2016,51,4769,1.73,2016,4,2,Wednesday,88.23,Baby Diapers,Groceries
14/04/2016,47,4981,1.57,2016,4,3,Thursday,73.79,Wall Paint,Home & Garden
15/04/2016,64,4848,1.67,2016,4,4,Friday,106.88,Notebook,Office Supplies
16/04/2016,48,4867,1.78,2016,4,5,Saturday,85.44,Sony Headphones,Electronics
17/04/2016,45,4397,1.86,2016,4,6,Sunday,83.7,Baby Diapers,Groceries
18/04/2016,43,4137,1.31,2016,4,0,Monday,56.33,Garden Shovel,Home & Garden
19/04/2016,49,4674,1.54,2016,4,1,Tuesday,75.46,Notebook,Office Supplies
20/04/2016,52,4920,1.84,2016,4,2,Wednesday,95.68,Wall Paint,Home & Garden
21/04/2016,40,4386,1.99,2016,4,3,Thursday,79.6,Women Jeans,Clothing
22/04/2016,44,4110,1.89,2016,4,4,Friday,83.16,Men T-Shirt,Clothing
23/04/2016,58,4613,1.37,2016,4,5,Saturday,79.46,iPhone 14,Electronics
24/04/2016,50,4016,1.2,2016,4,6,Sunday,60,Wall Paint,Home & Garden
25/04/2016,59,4779,1.49,2016,4,0,Monday,87.91,Garden Shovel,Home & Garden
26/04/2016,37,4181,1.74,2016,4,1,Tuesday,64.38,HP Laptop,Electronics
27/04/2016,51,4883,1.49,2016,4,2,Wednesday,75.99,Notebook,Office Supplies
28/04/2016,49,4535,1.48,2016,4,3,Thursday,72.52,HP Laptop,Electronics
29/04/2016,58,4540,1.84,2016,4,4,Friday,106.72,Novel Book,Books
30/04/2016,49,4170,1.36,2016,4,5,Saturday,66.64,Samsung Galaxy S22,Electronics
01/05/2016,53,4408,1.86,2016,5,6,Sunday,98.58,Samsung Galaxy S22,Electronics
02/05/2016,36,4739,1.41,2016,5,0,Monday,50.76,Wall Paint,Home & Garden
03/05/2016,57,4377,1.33,2016,5,1,Tuesday,75.81,Women Jeans,Clothing
04/05/2016,43,4187,1.45,2016,5,2,Wednesday,62.35,Lego Set,Toys
05/05/2016,42,4857,1.76,2016,5,3,Thursday,73.92,Basketball,Sports
06/05/2016,56,4229,1.13,2016,5,4,Friday,63.28,Face Cream,Beauty & Health
07/05/2016,44,4832,1.2,2016,5,5,Saturday,52.8,Baby Diapers,Groceries
08/05/2016,49,4851,1.95,2016,5,6,Sunday,95.55,Car Oil,Automotive
09/05/2016,51,4118,1.18,2016,5,0,Monday,60.18,Novel Book,Books
10/05/2016,39,4155,1.57,2016,5,1,Tuesday,61.23,Toy Car,Toys
11/05/2016,57,4783,1.58,2016,5,2,Wednesday,90.06,Shampoo,Beauty & Health
12/05/2016,43,4686,1.49,2016,5,3,Thursday,64.07,Men T-Shirt,Clothing
13/05/2016,45,4464,1.64,2016,5,4,Friday,73.8,Men T-Shirt,Clothing
14/05/2016,52,4103,1.23,2016,5,5,Saturday,63.96,Lego Set,Toys
15/05/2016,57,4603,1.55,2016,5,6,Sunday,88.35,Lego Set,Toys
16/05/2016,62,4697,1.37,2016,5,0,Monday,84.94,Baby Diapers,Groceries
17/05/2016,42,4971,1.66,2016,5,1,Tuesday,69.72,Yoga Mat,Sports
18/05/2016,57,4794,1.14,2016,5,2,Wednesday,64.98,Baby Diapers,Groceries
19/05/2016,41,4501,1.57,2016,5,3,Thursday,64.37,Yoga Mat,Sports
20/05/2016,43,4692,1.19,2016,5,4,Friday,51.17,Sony Headphones,Electronics
21/05/2016,53,4681,1.28,2016,5,5,Saturday,67.84,Car Oil,Automotive
22/05/2016,49,4698,1.22,2016,5,6,Sunday,59.78,Lego Set,Toys
23/05/2016,57,4174,1.18,2016,5,0,Monday,67.26,Yoga Mat,Sports
24/05/2016,70,4733,1.83,2016,5,1,Tuesday,128.1,Sony Headphones,Electronics
25/05/2016,53,4744,1.29,2016,5,2,Wednesday,68.37,Women Jeans,Clothing
26/05/2016,60,4673,1.93,2016,5,3,Thursday,115.8,Wall Paint,Home & Garden
27/05/2016,42,4420,1.97,2016,5,4,Friday,82.74,Yoga Mat,Sports
28/05/2016,51,4133,1.57,2016,5,5,Saturday,80.07,Women Jeans,Clothing
29/05/2016,38,4390,1.14,2016,5,6,Sunday,43.32,Shampoo,Beauty & Health
30/05/2016,43,4991,1.37,2016,5,0,Monday,58.91,Car Oil,Automotive
31/05/2016,57,4735,1.8,2016,5,1,Tuesday,102.6,Sony Headphones,Electronics
01/06/2016,54,4500,1.37,2016,6,2,Wednesday,73.98,Organic Milk,Groceries
02/06/2016,49,4664,1.09,2016,6,3,Thursday,53.41,Organic Milk,Groceries
03/06/2016,49,4032,1.56,2016,6,4,Friday,76.44,Wiper Blades,Automotive
04/06/2016,50,4054,1.85,2016,6,5,Saturday,92.5,Yoga Mat,Sports
05/06/2016,46,4953,1.8,2016,6,6,Sunday,82.8,HP Laptop,Electronics
06/06/2016,55,4518,1.18,2016,6,0,Monday,64.9,Car Oil,Automotive
07/06/2016,39,4755,1.67,2016,6,1,Tuesday,65.13,Sony Headphones,Electronics
08/06/2016,41,4824,1.22,2016,6,2,Wednesday,50.02,Shampoo,Beauty & Health
09/06/2016,49,4637,1.22,2016,6,3,Thursday,59.78,Organic Milk,Groceries
10/06/2016,53,4011,1.87,2016,6,4,Friday,99.11,Basketball,Sports
11/06/2016,47,4527,1.25,2016,6,5,Saturday,58.75,Shampoo,Beauty & Health
12/06/2016,53,4719,1.26,2016,6,6,Sunday,66.78,Sony Headphones,Electronics
13/06/2016,54,4554,1,2016,6,0,Monday,54,Basketball,Sports
14/06/2016,54,4372,1.87,2016,6,1,Tuesday,100.98,Toy Car,Toys
15/06/2016,44,4483,1.79,2016,6,2,Wednesday,78.76,Face Cream,Beauty & Health
16/06/2016,45,4972,1.63,2016,6,3,Thursday,73.35,Shampoo,Beauty & Health
17/06/2016,54,4646,1.75,2016,6,4,Friday,94.5,Baby Diapers,Groceries
18/06/2016,46,4227,1.15,2016,6,5,Saturday,52.9,Yoga Mat,Sports
19/06/2016,59,4622,1.46,2016,6,6,Sunday,86.14,Baby Diapers,Groceries
20/06/2016,56,4306,1.35,2016,6,0,Monday,75.6,Women Jeans,Clothing
21/06/2016,45,4456,1.09,2016,6,1,Tuesday,49.05,Samsung Galaxy S22,Electronics
22/06/2016,54,4159,1.49,2016,6,2,Wednesday,80.46,Toy Car,Toys
23/06/2016,40,4330,1.92,2016,6,3,Thursday,76.8,Novel Book,Books
24/06/2016,49,4775,1.04,2016,6,4,Friday,50.96,Men T-Shirt,Clothing
25/06/2016,51,4224,1.29,2016,6,5,Saturday,65.79,Wall Paint,Home & Garden
26/06/2016,48,4982,1.21,2016,6,6,Sunday,58.08,iPhone 14,Electronics
27/06/2016,45,4728,1.24,2016,6,0,Monday,55.8,Lego Set,Toys
28/06/2016,55,4503,1.91,2016,6,1,Tuesday,105.05,Garden Shovel,Home & Garden
29/06/2016,58,4455,1.47,2016,6,2,Wednesday,85.26,Basketball,Sports
30/06/2016,59,4044,1.47,2016,6,3,Thursday,86.73,Face Cream,Beauty & Health
01/07/2016,54,4213,1.76,2016,7,4,Friday,95.04,Organic Milk,Groceries
02/07/2016,39,4058,1.15,2016,7,5,Saturday,44.85,Novel Book,Books
03/07/2016,46,4643,1.49,2016,7,6,Sunday,68.54,Notebook,Office Supplies
04/07/2016,46,4615,1.43,2016,7,0,Monday,65.78,Wall Paint,Home & Garden
05/07/2016,55,4194,1.6,2016,7,1,Tuesday,88,Novel Book,Books
06/07/2016,61,4924,2,2016,7,2,Wednesday,122,Face Cream,Beauty & Health
07/07/2016,54,4488,1.77,2016,7,3,Thursday,95.58,Basketball,Sports
08/07/2016,60,4156,1.4,2016,7,4,Friday,84,Face Cream,Beauty & Health
09/07/2016,38,4609,1.83,2016,7,5,Saturday,69.54,Toy Car,Toys
10/07/2016,57,4225,1.17,2016,7,6,Sunday,66.69,HP Laptop,Electronics
11/07/2016,59,4411,1.03,2016,7,0,Monday,60.77,Garden Shovel,Home & Garden
12/07/2016,52,4204,1.2,2016,7,1,Tuesday,62.4,Women Jeans,Clothing
13/07/2016,39,4078,1.34,2016,7,2,Wednesday,52.26,Yoga Mat,Sports
14/07/2016,54,4123,1.51,2016,7,3,Thursday,81.54,Men T-Shirt,Clothing
15/07/2016,60,4470,1.62,2016,7,4,Friday,97.2,Garden Shovel,Home & Garden
16/07/2016,50,4939,1.91,2016,7,5,Saturday,95.5,Notebook,Office Supplies
